TicketID,CustomerID,OpenedDate,Category,Priority,ResolutionHours,SatisfactionScore
T20001,C1280,1/1/2024,Onboarding,High,14.3,8
T20002,C1362,5/26/2023,Outage,Low,57.5,2
T20003,C1125,8/17/2024,Feature Request,Low,86.7,4
T20004,C1178,4/19/2024,Technical,High,10.8,6
T20005,C1218,9/25/2023,Technical,Medium,45.7,7
T20006,C1161,4/13/2023,Outage,Medium,32.6,3
T20007,C1162,8/12/2023,Outage,Low,48.9,6
T20008,C1303,9/10/2023,Technical,High,16.2,5
T20009,C1282,6/18/2024,Technical,Low,63.6,7
T20010,C1256,8/25/2023,Onboarding,High,,9
T20011,C1328,9/12/2024,Technical,Low,47,4
T20012,C1230,5/27/2024,Technical,Medium,51.4,5
T20013,C1366,9/24/2024,Technical,High,14.6,7
T20014,C1022,9/11/2024,Technical,Low,68.8,6
T20015,C1401,11/3/2024,Technical,Medium,24.6,4
T20016,C1209,8/18/2023,Billing,High,12.3,7
T20017,C1408,4/23/2023,Feature Request,High,13.6,6
T20018,C1140,4/27/2024,Feature Request,Low,60.5,4
T20019,C1315,7/19/2023,Outage,Medium,26.9,
T20020,C1401,8/13/2024,Feature Request,Low,60.2,6
T20021,C1312,10/20/2023,Technical,Medium,17.8,9
T20022,C1033,5/14/2023,Feature Request,Low,61.2,5
T20023,C1367,4/22/2023,Technical,Medium,32.4,4
T20024,C1287,2/11/2024,Outage,Low,50.3,2
T20025,C1396,7/20/2023,Onboarding,High,13.9,
T20026,C1020,1/25/2024,Technical,Low,63.2,6
T20027,C1403,12/26/2023,Feature Request,Medium,40,8
T20028,C1352,9/6/2023,Technical,High,1,7
T20029,C1197,8/18/2023,Technical,Low,75.1,5
T20030,C1313,6/27/2024,Billing,Medium,36.2,5
T20031,C1262,9/23/2024,Onboarding,Low,57.7,5
T20032,C1105,1/25/2023,Technical,High,12.9,8
T20033,C1182,11/1/2024,Technical,High,0.4,4
T20034,C1153,10/29/2024,Onboarding,High,12.7,8
T20035,C1018,3/14/2024,Onboarding,High,10.7,6
T20036,C1147,3/2/2023,Billing,High,27.3,3
T20037,C1049,4/30/2023,Technical,Medium,41,7
T20038,C1377,2/15/2024,Onboarding,Medium,38.6,6
T20039,C1071,9/11/2024,Technical,Low,48.2,4
T20040,C1078,10/8/2024,Technical,Medium,37.5,6
T20041,C1144,9/2/2024,Technical,Low,71.1,2
T20042,C1050,3/30/2024,Billing,Low,57.1,6
T20043,C1141,11/2/2023,Technical,Critical,0.2,6
T20044,C1386,10/14/2023,Technical,High,5.3,5
T20045,C1036,11/15/2024,Billing,High,7.3,7
T20046,C1354,4/25/2023,Technical,Medium,37.5,4
T20047,C1380,6/12/2024,Billing,Medium,30.3,3
T20048,C1026,6/28/2023,Technical,Low,52.7,4
T20049,C1150,7/6/2024,Technical,Low,63.6,7
T20050,C1107,8/30/2024,Onboarding,Low,55.8,4
T20051,C1073,7/10/2024,Onboarding,Low,68.1,3
T20052,C1003,1/4/2024,Technical,Medium,37.3,4
T20053,C1103,9/15/2023,Technical,Low,68,4
T20054,C1135,2/1/2024,Technical,Low,63.5,3
T20055,C1159,7/6/2023,Outage,Low,48.3,6
T20056,C1346,6/1/2024,Technical,Medium,26.7,7
T20057,C1362,5/30/2023,Outage,High,27.5,3
T20058,C1279,11/6/2024,Onboarding,Medium,,3
T20059,C1137,7/29/2024,Outage,Low,64.3,4
T20060,C1300,2/18/2023,Technical,Low,58.9,5
T20061,C1191,7/17/2023,Feature Request,Medium,42.3,7
T20062,C1346,9/29/2024,Technical,Low,61.9,7
T20063,C1134,1/6/2024,Billing,Critical,1.1,6
T20064,C1246,10/5/2023,Technical,Medium,44.1,7
T20065,C1156,9/19/2024,Feature Request,Critical,8.2,6
T20066,C1303,1/3/2023,Billing,Low,68.1,4
T20067,C1122,12/6/2024,Feature Request,Low,65.5,4
T20068,C1386,9/17/2024,Technical,Low,65.6,7
T20069,C1091,11/1/2024,Onboarding,Low,49.2,1
T20070,C1066,10/12/2024,Feature Request,Low,69.8,1
T20071,C1297,10/4/2023,Billing,Medium,24.4,4
T20072,C1293,4/18/2023,Technical,Medium,28.4,4
T20073,C1228,2/2/2023,Technical,Low,62.5,3
T20074,C1089,6/26/2024,Feature Request,Medium,53.2,7
T20075,C1323,4/23/2023,Technical,Low,64.2,9
T20076,C1094,12/6/2023,Onboarding,Medium,25.7,7
T20077,C1390,2/4/2023,Onboarding,High,14.7,8
T20078,C1087,9/27/2023,Billing,Medium,55.5,8
T20079,C1168,4/21/2023,Feature Request,Critical,3.5,5
T20080,C1196,7/21/2023,Billing,High,12.7,8
T20081,C1147,12/22/2023,Feature Request,Low,60.1,6
T20082,C1383,1/6/2024,Feature Request,Critical,19.9,5
T20083,C1142,9/27/2024,Billing,Low,47.2,8
T20084,C1322,12/17/2023,Billing,Low,70.3,6
T20085,C9001,4/1/2023,Onboarding,Low,65.1,5
T20086,C1032,1/15/2024,Technical,Low,59.8,1
T20087,C1217,10/3/2023,Billing,Critical,4.1,7
T20088,C1096,2/8/2023,Technical,Medium,25,5
T20089,C1318,4/16/2024,Onboarding,Critical,3.4,9
T20090,C1113,9/6/2023,Onboarding,Medium,11.1,7
T20091,C1198,3/21/2023,Billing,Critical,13.6,9
T20092,C1201,3/5/2023,Outage,Low,72,3
T20093,C1134,5/11/2023,Technical,Low,57,4
T20094,C1254,1/3/2024,Billing,Low,59.3,5
T20095,C1363,1/4/2024,Technical,High,2.4,6
T20096,C1113,11/8/2023,Technical,Low,59.6,4
T20097,C1098,2/10/2024,Outage,High,6.2,4
T20098,C1071,1/11/2024,Outage,Low,50.7,5
T20099,C1152,10/24/2024,Feature Request,Medium,31.1,4
T20100,C1307,3/19/2023,Onboarding,High,15.9,8
T20101,C1068,7/14/2023,Technical,High,,5
T20102,C1097,12/21/2024,Technical,Medium,31.8,8
T20103,C1098,11/28/2023,Billing,Low,67.6,4
T20104,C1367,4/30/2024,Feature Request,Medium,37.8,7
T20105,C1175,12/20/2024,Technical,Low,66.7,5
T20106,C1225,5/21/2023,Billing,Low,48.8,8
T20107,C1139,9/27/2024,Technical,High,9.9,
T20108,C1389,10/5/2024,Feature Request,Medium,23.3,3
T20109,C1299,1/28/2024,Onboarding,Medium,25.7,8
T20110,C1385,12/7/2023,Feature Request,Low,57.3,5
T20111,C1012,2/17/2024,Billing,Medium,46,5
T20112,C1117,8/16/2024,Feature Request,Critical,15.2,4
T20113,C1407,12/13/2023,Technical,Medium,21.8,8
T20114,C1338,6/4/2023,Feature Request,High,10.9,6
T20115,C1137,4/22/2024,Technical,High,27.2,2
T20116,C1123,7/8/2024,Onboarding,Critical,2.8,5
T20117,C1175,11/22/2024,Technical,Medium,,4
T20118,C1420,7/6/2024,Onboarding,Medium,28.9,5
T20119,C1023,8/16/2024,Technical,High,5.2,5
T20120,C9004,4/21/2024,Billing,Low,57.6,5
T20121,C1206,4/8/2023,Feature Request,Medium,31.4,8
T20122,C1406,9/25/2024,Feature Request,Critical,2.6,8
T20123,C1158,7/10/2024,Feature Request,Low,61.4,1
T20124,C1140,9/8/2023,Technical,Medium,34.4,4
T20125,C1084,5/7/2024,Billing,High,27.2,6
T20126,C1413,11/21/2023,Onboarding,Medium,25.1,7
T20127,C1141,8/17/2023,Technical,Low,74.7,2
T20128,C1103,3/7/2024,Feature Request,Critical,22.9,6
T20129,C1140,5/22/2023,Onboarding,Critical,14.2,9
T20130,C1247,6/11/2023,Billing,Low,72.6,7
T20131,C1150,12/12/2023,Feature Request,Medium,27.1,1
T20132,C1402,4/19/2023,Technical,Medium,41,8
T20133,C1263,1/20/2024,Technical,Low,59.4,4
T20134,C1204,10/24/2024,Billing,Medium,43.2,4
T20135,C1177,11/24/2024,Technical,Medium,31,6
T20136,C1228,9/1/2024,Billing,High,18.1,6
T20137,C1010,1/21/2024,Billing,Low,53.5,5
T20138,C1367,11/30/2024,Feature Request,Low,67.6,5
T20139,C1108,10/27/2023,Billing,Low,56.9,7
T20140,C1145,12/24/2024,Technical,Low,71,3
T20141,C1111,2/11/2024,Outage,Medium,32.2,3
T20142,C1394,5/17/2024,Technical,Medium,41.5,4
T20143,C1405,6/27/2024,Outage,Medium,29.5,6
T20144,C1065,7/12/2023,Onboarding,Low,51.2,5
T20145,C1359,2/2/2023,Billing,Medium,17,6
T20146,C1305,7/11/2024,Technical,High,29.8,5
T20147,C1374,8/4/2024,Onboarding,Medium,35.3,5
T20148,C1414,8/5/2024,Onboarding,High,0,2
T20149,C1077,11/18/2023,Technical,High,16.7,7
T20150,C1200,10/31/2024,Technical,Low,44.9,4
T20151,C1164,4/13/2023,Feature Request,Medium,40.2,3
T20152,C1231,11/25/2023,Technical,High,4.8,5
T20153,C1018,12/7/2024,Feature Request,High,0.7,1
T20154,C1250,11/19/2024,Technical,High,0.6,9
T20155,C1385,7/25/2023,Billing,Low,54.3,6
T20156,C1208,9/18/2023,Feature Request,Medium,21.8,7
T20157,C1268,5/9/2024,Onboarding,Critical,16.2,9
T20158,C1075,6/7/2023,Billing,Medium,19.1,7
T20159,C1008,7/23/2024,Onboarding,High,2.3,8
T20160,C1338,12/21/2023,Technical,Low,70.2,6
T20161,C1404,4/5/2023,Onboarding,Medium,28.8,8
T20162,C1239,5/12/2023,Technical,Medium,25.4,9
T20163,C1157,2/7/2023,Outage,Low,35.8,6
T20164,C1097,6/6/2023,Technical,Medium,35.8,7
T20165,C1383,7/16/2024,Billing,High,2.5,10
T20166,C1137,1/25/2023,Billing,Medium,20.9,5
T20167,C1142,4/2/2023,Feature Request,Low,55.4,5
T20168,C1158,1/24/2024,Technical,Medium,58.9,7
T20169,C1398,7/15/2023,Onboarding,Low,44.6,6
T20170,C1419,1/29/2023,Feature Request,Low,49.8,8
T20171,C1282,4/18/2024,Technical,Low,69.5,2
T20172,C1302,12/4/2024,Outage,Low,54.3,3
T20173,C1332,7/17/2024,Onboarding,High,29.1,3
T20174,C1357,1/20/2024,Technical,Low,76,4
T20175,C1409,10/19/2024,Feature Request,Critical,3,8
T20176,C1242,9/4/2024,Feature Request,Medium,8.8,6
T20177,C1055,12/5/2023,Billing,Medium,34.4,8
T20178,C1338,8/20/2024,Technical,Medium,43.1,7
T20179,C1307,11/8/2023,Billing,Critical,0.6,8
T20180,C1319,4/14/2023,Onboarding,High,21.4,7
T20181,C1355,5/23/2023,Outage,High,8.7,8
T20182,C1070,10/3/2024,Onboarding,High,14.2,6
T20183,C1363,10/2/2023,Technical,Low,59.5,3
T20184,C1130,8/6/2024,Technical,High,9.3,6
T20185,C1253,10/27/2023,Technical,High,5.1,8
T20186,C1040,10/13/2023,Outage,Low,65,6
T20187,C1114,4/5/2024,Outage,Low,66.4,4
T20188,C1071,12/10/2023,Billing,Medium,38.3,6
T20189,C1183,11/13/2024,Onboarding,Low,44.6,5
T20190,C1145,11/20/2024,Outage,Medium,41,6
T20191,C1068,11/25/2024,Technical,Low,67.7,6
T20192,C1024,11/29/2023,Feature Request,Low,80.1,6
T20193,C1175,3/2/2024,Billing,Low,70.8,
T20194,C1002,5/26/2024,Billing,Low,41.9,3
T20195,C1312,12/28/2024,Technical,Low,50.6,2
T20196,C1365,3/5/2023,Outage,Medium,38.7,1
T20197,C1316,5/11/2024,Onboarding,Low,58.8,6
T20198,C1094,10/1/2023,Onboarding,Medium,25.9,3
T20199,C1140,6/8/2024,Technical,Low,57.7,3
T20200,C1179,11/5/2024,Feature Request,Medium,32.5,2
T20201,C1072,4/6/2023,Outage,High,5.8,7
T20202,C1212,8/16/2024,Onboarding,Low,72.5,7
T20203,C1119,7/16/2024,Feature Request,Low,63.4,6
T20204,C1411,2/6/2023,Feature Request,Low,49.6,6
T20205,C1267,9/1/2023,Technical,High,15,8
T20206,C1091,9/25/2024,Outage,Medium,50.7,1
T20207,C1184,4/30/2023,Technical,Critical,4.2,2
T20208,C1029,1/1/2023,Outage,Medium,41.8,4
T20209,C1254,11/4/2024,Onboarding,Medium,28.6,7
T20210,C1063,8/27/2023,Outage,Low,64.1,3
T20211,C1280,2/21/2023,Billing,Low,64.7,2
T20212,C1177,4/16/2024,Onboarding,Medium,25.4,4
T20213,C1052,11/29/2024,Technical,Low,67.4,6
T20214,C1214,5/19/2023,Technical,Low,75.1,6
T20215,C1033,1/25/2023,Technical,Low,60.4,7
T20216,C1313,12/2/2023,Onboarding,Low,50.4,4
T20217,C1269,2/26/2024,Technical,Low,70.8,5
T20218,C1046,3/4/2024,Technical,Low,66.7,6
T20219,C1140,3/5/2024,Billing,Medium,26.2,6
T20220,C1235,8/28/2023,Feature Request,Medium,,7
T20221,C1005,2/10/2023,Billing,Critical,12.9,7
T20222,C1072,6/21/2024,Billing,Low,67.9,7
T20223,C1165,8/21/2023,Onboarding,Low,64.3,6
T20224,C1079,9/21/2023,Outage,Low,54.9,8
T20225,C1236,6/16/2023,Onboarding,Medium,26.9,6
T20226,C1273,10/25/2023,Technical,Low,50,2
T20227,C1248,8/15/2024,Billing,High,0.9,9
T20228,C1314,12/23/2023,Technical,Medium,33.9,3
T20229,C1234,7/26/2023,Billing,Low,61,3
T20230,C1077,7/5/2024,Billing,High,19.7,5
T20231,C1364,1/19/2024,Onboarding,Low,60,4
T20232,C1409,2/2/2024,Onboarding,High,9.2,9
T20233,C1035,9/3/2024,Billing,Medium,30.1,8
T20234,C1280,11/14/2024,Billing,Medium,44.3,3
T20235,C1415,12/9/2024,Technical,Critical,,8
T20236,C1160,6/8/2024,Technical,Medium,31,8
T20237,C1099,3/14/2023,Billing,High,3.4,6
T20238,C1352,8/5/2023,Billing,Medium,28.6,6
T20239,C1324,11/11/2023,Feature Request,Medium,11.3,5
T20240,C1354,11/12/2023,Technical,Low,52.9,4
T20241,C1182,11/12/2024,Technical,Low,71,1
T20242,C1222,9/22/2023,Outage,Medium,16.3,7
T20243,C1232,11/17/2023,Onboarding,Low,70.1,6
T20244,C1022,1/29/2024,Feature Request,Low,52.3,7
T20245,C1335,5/20/2023,Outage,Low,63.7,5
T20246,C1021,8/19/2023,Outage,High,9.4,5
T20247,C1134,1/11/2023,Onboarding,Low,52.5,8
T20248,C1195,4/13/2024,Feature Request,Medium,35.2,1
T20249,C1358,3/8/2023,Onboarding,High,4.6,8
T20250,C9001,11/7/2023,Technical,Critical,10.1,6
T20251,C1125,2/14/2023,Technical,Low,65.4,5
T20252,C1250,1/17/2024,Feature Request,Low,51.1,3
T20253,C1262,7/1/2024,Billing,High,21.6,6
T20254,C1371,10/18/2024,Billing,Medium,23.8,10
T20255,C1249,5/13/2024,Technical,Medium,42.1,6
T20256,C1321,10/21/2024,Billing,Low,51.5,2
T20257,C1382,6/24/2023,Billing,High,11.9,8
T20258,C1411,1/20/2023,Billing,Low,52.9,3
T20259,C1264,4/17/2023,Billing,Medium,17.2,10
T20260,C1323,9/9/2023,Onboarding,Low,66.8,7
T20261,C1075,7/22/2024,Feature Request,Medium,6,10
T20262,C1355,12/22/2024,Onboarding,Medium,22.2,4
T20263,C1144,10/31/2023,Outage,High,14.1,6
T20264,C1138,4/23/2024,Technical,Low,51.9,4
T20265,C1298,10/31/2024,Onboarding,Medium,21.5,10
T20266,C1193,10/21/2023,Feature Request,High,4,5
T20267,C1163,9/5/2023,Billing,High,26,2
T20268,C1049,7/25/2024,Billing,Critical,0.2,9
T20269,C1410,11/30/2024,Onboarding,High,3.7,5
T20270,C1007,4/6/2023,Billing,Critical,9.4,7
T20271,C1323,10/31/2023,Billing,Medium,23.4,9
T20272,C1264,9/11/2024,Technical,Low,53.5,2
T20273,C1187,12/29/2024,Technical,Critical,12.7,
T20274,C1317,12/27/2024,Onboarding,Critical,0.7,9
T20275,C1001,10/24/2023,Technical,Low,63.1,4
T20276,C1383,8/3/2023,Billing,Low,79.9,7
T20277,C1104,10/2/2023,Technical,Low,68.5,2
T20278,C1368,12/10/2024,Outage,High,17.6,8
T20279,C1366,9/29/2023,Billing,Low,47.2,6
T20280,C1331,12/17/2023,Technical,High,15.7,7
T20281,C1358,5/21/2023,Feature Request,Low,42.1,3
T20282,C1415,3/23/2023,Onboarding,High,20.4,3
T20283,C1308,3/14/2023,Technical,Low,,6
T20284,C1338,4/25/2024,Billing,Critical,20.5,10
T20285,C1239,10/8/2023,Onboarding,Low,47.3,6
T20286,C1037,7/31/2023,Onboarding,Medium,29.4,5
T20287,C1093,12/6/2024,Billing,High,6.6,6
T20288,C1293,1/28/2023,Technical,Medium,23.1,6
T20289,C1377,11/7/2023,Onboarding,Medium,52.4,8
T20290,C1272,3/25/2023,Outage,Medium,28.2,3
T20291,C1290,5/27/2023,Feature Request,High,13.5,10
T20292,C1317,12/19/2024,Feature Request,Medium,22.6,5
T20293,C1302,10/17/2023,Billing,Low,59.4,6
T20294,C1102,8/17/2023,Feature Request,Medium,32.2,6
T20295,C1067,4/8/2023,Feature Request,Critical,,7
T20296,C1152,5/19/2024,Billing,Low,61,3
T20297,C1112,5/3/2024,Onboarding,Low,63.3,4
T20298,C1333,9/14/2024,Technical,Medium,19.9,4
T20299,C1292,5/3/2023,Onboarding,Low,70.2,6
T20300,C1251,2/9/2024,Billing,Critical,4.6,
T20301,C1244,12/2/2024,Billing,High,16.6,8
T20302,C1375,4/27/2023,Technical,Low,63.7,4
T20303,C1379,11/25/2023,Feature Request,Medium,29.6,7
T20304,C1197,7/9/2023,Outage,High,25,4
T20305,C1116,8/10/2023,Technical,Medium,27.9,1
T20306,C1215,8/21/2024,Billing,Medium,43.7,5
T20307,C1040,7/21/2024,Feature Request,High,17.2,9
T20308,C1125,9/9/2024,Technical,Low,69.9,5
T20309,C1231,9/30/2024,Technical,Low,49.6,6
T20310,C1175,2/14/2024,Billing,Medium,51,5
T20311,C1221,10/22/2024,Technical,High,10.8,5
T20312,C1194,4/12/2024,Onboarding,Low,54.6,7
T20313,C1339,7/23/2024,Onboarding,Medium,33.8,3
T20314,C1318,4/16/2024,Onboarding,Low,51.4,3
T20315,C1329,10/6/2023,Feature Request,Medium,17.5,5
T20316,C1242,10/1/2024,Feature Request,High,12.4,5
T20317,C1312,12/22/2023,Technical,High,28.2,3
T20318,C1059,4/28/2024,Technical,Medium,20.1,9
T20319,C1060,8/19/2023,Feature Request,Low,49.8,4
T20320,C1316,4/22/2024,Feature Request,Medium,18.3,3
T20321,C1313,3/23/2024,Technical,Low,84.4,7
T20322,C1156,9/30/2024,Technical,High,3.5,7
T20323,C1112,12/18/2023,Billing,High,10.4,8
T20324,C1298,5/24/2023,Billing,Low,66.9,2
T20325,C1054,5/28/2024,Technical,High,0.2,6
T20326,C1078,10/16/2024,Billing,Low,58.5,5
T20327,C1165,1/8/2023,Technical,Low,70.9,5
T20328,C1192,5/18/2023,Billing,Low,65.5,7
T20329,C1113,2/18/2024,Onboarding,Low,58.6,6
T20330,C1129,10/19/2024,Billing,Critical,10,9
T20331,C1327,1/9/2024,Feature Request,Low,62.1,7
T20332,C1157,4/9/2023,Technical,Medium,21.7,5
T20333,C1333,12/21/2023,Onboarding,High,26.5,6
T20334,C1046,7/18/2023,Technical,High,15.1,7
T20335,C1363,9/11/2024,Technical,High,20.2,9
T20336,C1319,11/29/2024,Technical,Medium,30.2,
T20337,C1372,1/31/2024,Onboarding,Medium,,5
T20338,C1398,4/16/2023,Feature Request,Medium,24.1,6
T20339,C1177,3/20/2023,Feature Request,High,26,6
T20340,C1235,12/27/2024,Technical,High,2.3,10
T20341,C1016,3/15/2023,Onboarding,Critical,8.2,7
T20342,C1261,10/27/2024,Technical,High,12.7,4
T20343,C1253,5/16/2024,Billing,Low,70.5,7
T20344,C1027,12/1/2023,Billing,Critical,2.7,10
T20345,C1215,8/5/2023,Feature Request,Medium,28.1,5
T20346,C1052,4/29/2024,Outage,Critical,0.4,4
T20347,C1049,9/8/2024,Outage,Medium,25.1,4
T20348,C1014,8/15/2023,Billing,Low,65,5
T20349,C1384,4/28/2024,Onboarding,High,0.5,7
T20350,C1191,12/1/2023,Technical,Critical,4.8,6
T20351,C1341,6/5/2023,Outage,High,19.5,5
T20352,C1126,8/21/2024,Technical,Low,69.2,5
T20353,C1143,7/11/2024,Billing,Low,47.3,2
T20354,C1339,9/29/2023,Technical,Medium,25.2,4
T20355,C1266,2/23/2023,Technical,Low,54.9,5
T20356,C1063,6/10/2024,Outage,High,31.4,6
T20357,C1155,5/17/2024,Technical,Medium,21.7,10
T20358,C1198,11/2/2023,Outage,Low,62,6
T20359,C1080,2/1/2023,Billing,Medium,25.9,6
T20360,C1276,1/27/2023,Feature Request,High,2.7,7
T20361,C1301,10/25/2023,Billing,High,11.7,7
T20362,C1072,2/6/2024,Technical,Low,73,4
T20363,C1186,11/29/2024,Technical,Medium,32.4,6
T20364,C1105,2/4/2023,Feature Request,Low,51.1,5
T20365,C1060,11/3/2024,Feature Request,Low,64.4,7
T20366,C1097,12/23/2023,Technical,Medium,7.5,8
T20367,C1061,12/9/2023,Billing,Medium,35.6,8
T20368,C1214,6/1/2023,Feature Request,Medium,13.4,9
T20369,C1076,9/13/2024,Outage,Low,68.2,4
T20370,C1265,1/15/2023,Technical,Medium,46.9,3
T20371,C1116,12/11/2023,Onboarding,Medium,33.8,5
T20372,C1229,3/18/2023,Feature Request,Low,56.6,2
T20373,C1126,7/17/2024,Outage,Medium,31,3
T20374,C1015,7/10/2024,Technical,Low,49.4,4
T20375,C1370,3/12/2024,Technical,Medium,40,4
T20376,C1392,12/26/2023,Outage,Low,59.6,1
T20377,C1313,12/4/2024,Onboarding,Medium,18.9,10
T20378,C1206,10/14/2024,Technical,Medium,30.9,7
T20379,C1146,1/13/2023,Billing,Medium,18.5,5
T20380,C1233,11/20/2023,Technical,Medium,17.5,8
T20381,C1225,7/15/2023,Technical,Medium,43.7,5
T20382,C1380,9/10/2024,Billing,Medium,25.2,6
T20383,C1014,4/23/2023,Feature Request,Critical,9.1,7
T20384,C1312,10/6/2023,Billing,Low,42.4,5
T20385,C1386,5/19/2024,Onboarding,Low,59.9,4
T20386,C1127,7/12/2023,Feature Request,Medium,35.9,6
T20387,C1167,9/27/2023,Billing,Medium,36.9,5
T20388,C1130,10/11/2024,Outage,Low,46.9,9
T20389,C1016,5/27/2023,Technical,Low,69.3,7
T20390,C1086,8/27/2024,Billing,Medium,29.7,4
T20391,C1276,2/7/2023,Technical,Critical,0.1,8
T20392,C1107,12/11/2023,Technical,High,18.3,7
T20393,C1267,4/19/2023,Onboarding,Low,65.1,5
T20394,C1112,3/5/2024,Billing,Medium,56.4,5
T20395,C1025,11/17/2023,Billing,Low,61.8,2
T20396,C1056,9/9/2023,Onboarding,Low,53.8,5
T20397,C1356,5/12/2024,Outage,Low,48.9,7
T20398,C1073,7/22/2023,Feature Request,Low,62.5,3
T20399,C1254,2/24/2023,Billing,High,14.1,2
T20400,C1003,5/25/2024,Technical,Low,33,2
T20401,C1082,7/15/2024,Onboarding,Low,64.5,4
T20402,C1335,10/16/2024,Technical,High,24.2,2
T20403,C1078,11/10/2024,Technical,High,4.1,9
T20404,C1053,7/21/2024,Onboarding,Critical,8.1,7
T20405,C1284,12/9/2023,Feature Request,Low,49.4,5
T20406,C1234,11/19/2024,Technical,Critical,4.5,8
T20407,C9002,5/26/2024,Onboarding,Critical,11.5,6
T20408,C1328,5/29/2023,Technical,Low,67.7,4
T20409,C1313,7/20/2024,Feature Request,Medium,34.3,5
T20410,C1364,10/4/2024,Outage,Low,49.8,3
T20411,C1322,2/29/2024,Onboarding,Low,53,6
T20412,C1379,2/22/2023,Onboarding,Low,57.1,4
T20413,C1093,12/7/2023,Technical,Low,57.2,3
T20414,C1305,2/22/2024,Technical,Critical,2.2,8
T20415,C1033,7/25/2023,Outage,Low,68.3,5
T20416,C1192,4/21/2024,Technical,High,6.4,4
T20417,C1050,1/7/2023,Billing,High,0.9,6
T20418,C1414,7/25/2024,Outage,Medium,25.5,6
T20419,C1279,2/7/2024,Onboarding,Medium,15.3,7
T20420,C1207,6/29/2023,Billing,Low,66.2,2
T20421,C1022,11/18/2024,Billing,Low,59.2,3
T20422,C1195,1/19/2024,Onboarding,Medium,23.9,8
T20423,C1035,5/14/2024,Technical,Low,61.2,5
T20424,C1082,9/21/2023,Billing,Medium,34.2,5
T20425,C1088,9/21/2023,Feature Request,Medium,24.6,7
T20426,C1152,7/7/2023,Technical,Medium,31.1,6
T20427,C1078,9/7/2024,Feature Request,High,10.2,6
T20428,C1264,2/25/2024,Onboarding,Medium,18.6,8
T20429,C1131,10/7/2024,Onboarding,Medium,36,5
T20430,C1176,7/13/2024,Feature Request,Medium,29,1
T20431,C1052,9/19/2024,Technical,Medium,38.8,5
T20432,C1245,5/17/2024,Technical,Low,60.2,4
T20433,C1044,5/13/2024,Feature Request,High,3.9,5
T20434,C1293,8/14/2023,Feature Request,Low,64.1,6
T20435,C1084,1/25/2024,Technical,High,5.9,9
T20436,C1221,2/14/2024,Technical,Critical,2.1,7
T20437,C1246,4/10/2023,Onboarding,Medium,46.7,8
T20438,C1093,3/10/2024,Feature Request,Medium,25.7,5
T20439,C1061,11/21/2023,Technical,Medium,39.3,5
T20440,C1276,5/13/2024,Billing,High,12.7,5
T20441,C1253,6/26/2024,Technical,Medium,31,6
T20442,C1359,5/28/2024,Technical,High,1.5,9
T20443,C1364,5/27/2024,Outage,High,11.1,6
T20444,C1333,1/1/2023,Technical,Critical,15.2,4
T20445,C1025,11/20/2024,Feature Request,Medium,33.3,4
T20446,C1391,9/26/2024,Billing,High,6.8,4
T20447,C1341,6/27/2024,Technical,Medium,,3
T20448,C1368,11/17/2023,Onboarding,High,20.8,7
T20449,C1323,2/15/2024,Feature Request,Low,56.1,3
T20450,C1304,2/15/2023,Technical,Medium,50.6,1
T20451,C1005,12/13/2023,Outage,Low,62.1,8
T20452,C1128,11/8/2024,Technical,High,18.4,5
T20453,C1280,8/31/2024,Onboarding,Low,55,2
T20454,C1229,8/6/2024,Feature Request,Medium,27.4,1
T20455,C1335,9/1/2023,Technical,Critical,9.9,7
T20456,C1416,1/30/2024,Onboarding,Medium,28.6,1
T20457,C1084,1/29/2023,Billing,High,28.2,2
T20458,C1292,10/13/2023,Technical,Low,62.7,3
T20459,C1245,7/29/2023,Feature Request,High,4.7,6
T20460,C1142,1/10/2023,Feature Request,Critical,0.2,6
T20461,C1115,11/19/2023,Technical,Low,47.8,6
T20462,C1006,10/30/2024,Technical,High,3,8
T20463,C1089,1/28/2023,Feature Request,Medium,43.8,6
T20464,C1362,11/24/2024,Outage,Low,55.5,3
T20465,C1305,3/5/2024,Technical,Medium,33.7,3
T20466,C1098,12/14/2024,Feature Request,Critical,17.6,7
T20467,C1017,2/17/2024,Technical,Low,39.2,5
T20468,C1240,9/14/2024,Onboarding,Medium,56.5,3
T20469,C1115,4/2/2023,Onboarding,Low,50.1,5
T20470,C1282,8/2/2024,Onboarding,Medium,42.6,2
T20471,C1377,9/15/2024,Feature Request,High,32.3,5
T20472,C1029,2/19/2024,Billing,Critical,12.8,5
T20473,C1264,9/29/2023,Technical,High,3.5,9
T20474,C1210,10/20/2024,Feature Request,High,2.5,8
T20475,C1380,6/28/2024,Billing,Low,56.9,8
T20476,C1321,1/6/2024,Feature Request,Medium,39.5,5
T20477,C1067,9/20/2024,Onboarding,Medium,29.9,7
T20478,C1002,12/23/2023,Technical,High,11.9,9
T20479,C1116,7/4/2023,Outage,Low,67.3,8
T20480,C9002,8/25/2023,Onboarding,Medium,38.1,5
T20481,C1149,1/13/2023,Billing,Medium,23.7,6
T20482,C1020,7/16/2024,Onboarding,Medium,36.4,6
T20483,C1348,3/21/2024,Onboarding,High,5.9,9
T20484,C1214,1/5/2024,Technical,Low,48.2,5
T20485,C1371,10/4/2024,Billing,Medium,33.8,6
T20486,C1278,7/17/2024,Feature Request,High,4.6,7
T20487,C1366,8/31/2024,Feature Request,Low,59.3,4
T20488,C1256,7/9/2024,Onboarding,Low,50.2,
T20489,C1329,2/17/2023,Billing,Medium,51.7,5
T20490,C1266,3/9/2023,Onboarding,Critical,12.1,10
T20491,C1157,7/29/2023,Technical,Low,78.9,6
T20492,C1281,3/20/2023,Billing,Low,60.1,2
T20493,C1006,5/2/2024,Technical,Low,69.7,
T20494,C1036,8/31/2024,Technical,High,9.2,9
T20495,C1357,11/11/2024,Technical,High,4.1,10
T20496,C1378,12/19/2024,Billing,Low,58.4,4
T20497,C1087,5/4/2024,Onboarding,Low,54.4,6
T20498,C1010,2/29/2024,Technical,High,7.2,7
T20499,C1299,10/6/2023,Technical,Medium,47,4
T20500,C1307,5/26/2023,Billing,High,9.2,6
T20501,C1063,11/20/2024,Technical,Medium,18.2,6
T20502,C1256,5/11/2024,Feature Request,Medium,36.6,2
T20503,C1322,10/1/2024,Billing,High,25.1,6
T20504,C1369,9/3/2023,Feature Request,Medium,30.3,7
T20505,C1082,7/17/2024,Technical,Low,60.8,5
T20506,C1111,6/11/2024,Technical,Medium,27.4,2
T20507,C1176,3/23/2023,Onboarding,Medium,24.6,5
T20508,C1099,9/1/2024,Billing,High,9.9,6
T20509,C1064,8/10/2024,Feature Request,Medium,22.1,8
T20510,C1261,12/14/2024,Onboarding,High,19.5,7
T20511,C1280,5/1/2024,Technical,Critical,2.7,9
T20512,C1185,2/25/2024,Technical,Critical,9.4,4
T20513,C1390,2/13/2023,Billing,Medium,43.3,5
T20514,C1167,11/7/2024,Technical,High,6.8,8
T20515,C1111,3/19/2023,Feature Request,Critical,13.7,8
T20516,C1160,1/25/2024,Billing,Low,45.2,4
T20517,C1269,10/13/2024,Onboarding,Low,50.7,4
T20518,C1260,9/16/2024,Technical,Low,72.5,
T20519,C1135,3/27/2024,Billing,Low,55.7,6
T20520,C1374,2/24/2023,Billing,High,21.7,9
T20521,C1174,6/18/2023,Technical,Medium,34.2,5
T20522,C1260,7/8/2023,Onboarding,Medium,34.6,6
T20523,C1054,10/13/2023,Outage,Low,46.5,4
T20524,C1406,9/10/2024,Technical,Low,65.1,5
T20525,C1182,10/1/2024,Feature Request,Low,67.7,5
T20526,C1287,1/25/2024,Billing,Medium,52.6,5
T20527,C1029,4/25/2023,Feature Request,Low,66.8,7
T20528,C1002,10/23/2023,Onboarding,High,13.3,9
T20529,C1313,8/24/2024,Technical,Low,61.5,3
T20530,C1360,5/8/2024,Outage,Low,47.3,3
T20531,C1252,11/4/2024,Technical,Medium,35.9,5
T20532,C1283,11/11/2024,Onboarding,Medium,44.2,3
T20533,C1336,8/20/2023,Billing,High,8.1,2
T20534,C1001,4/19/2024,Feature Request,Medium,12.1,8
T20535,C1120,10/14/2023,Technical,Low,68.3,6
T20536,C1372,5/20/2023,Billing,Low,63.6,5
T20537,C1303,4/7/2023,Technical,Medium,32,4
T20538,C1253,2/7/2024,Outage,Low,58.7,6
T20539,C1111,4/30/2023,Feature Request,Low,71.2,7
T20540,C1170,5/15/2024,Feature Request,Low,52,5
T20541,C1236,1/2/2023,Feature Request,Low,60,4
T20542,C1395,3/26/2024,Technical,Medium,35,4
T20543,C1356,1/15/2024,Technical,High,1,3
T20544,C1415,2/10/2023,Feature Request,Low,71.5,2
T20545,C1213,1/31/2024,Onboarding,Low,44.3,6
T20546,C1121,5/3/2023,Onboarding,High,17,2
T20547,C1022,7/11/2024,Technical,Low,54.4,6
T20548,C1134,6/17/2023,Feature Request,High,20.7,8
T20549,C1112,10/30/2024,Technical,Medium,30.3,5
T20550,C1198,7/21/2023,Billing,High,21.6,8
T20551,C1303,11/23/2023,Billing,High,9.7,7
T20552,C1079,5/4/2024,Feature Request,Medium,24.7,8
T20553,C1157,2/19/2023,Outage,High,0.7,6
T20554,C1029,8/30/2024,Billing,High,6.5,7
T20555,C1087,6/1/2024,Technical,Medium,32.8,6
T20556,C1304,2/5/2024,Feature Request,High,7.2,6
T20557,C1056,10/6/2023,Feature Request,High,9.9,6
T20558,C1416,7/6/2024,Feature Request,Medium,22.9,6
T20559,C1207,9/5/2024,Onboarding,High,21.4,8
T20560,C1264,12/25/2024,Feature Request,Low,53.9,3
T20561,C1082,10/3/2024,Technical,Low,57.3,1
T20562,C1177,12/3/2024,Outage,High,12.6,7
T20563,C1165,4/12/2024,Billing,Low,62.8,6
T20564,C1302,11/6/2024,Technical,Medium,32.7,4
T20565,C1375,12/12/2023,Technical,Medium,19.8,9
T20566,C1113,2/9/2024,Billing,Critical,23.7,4
T20567,C1056,11/18/2024,Technical,Medium,28.1,3
T20568,C1393,9/7/2023,Onboarding,Medium,31.5,4
T20569,C1148,4/24/2024,Onboarding,Low,68.6,3
T20570,C1339,9/15/2023,Outage,Low,46.4,3
T20571,C1291,10/4/2024,Billing,Medium,5.3,7
T20572,C1205,12/17/2023,Technical,Medium,27.3,6
T20573,C1023,10/17/2024,Technical,Low,54.6,5
T20574,C1244,2/11/2024,Feature Request,Low,45,2
T20575,C1394,5/29/2023,Technical,Low,55.3,5
T20576,C1046,5/26/2024,Billing,Low,71.9,5
T20577,C1393,2/6/2023,Technical,Low,67.4,8
T20578,C1273,11/11/2024,Technical,Low,72.2,7
T20579,C1358,11/1/2024,Feature Request,Medium,17.2,6
T20580,C9004,1/6/2024,Billing,Low,67.9,6
T20581,C1199,11/23/2024,Technical,Low,59.4,5
T20582,C1009,10/13/2024,Technical,High,0.8,10
T20583,C1055,3/28/2024,Billing,Low,47.6,4
T20584,C1366,11/10/2024,Onboarding,High,10.1,9
T20585,C1407,5/2/2024,Technical,Medium,13.5,5
T20586,C1161,10/15/2023,Technical,High,22.3,7
T20587,C1032,12/9/2024,Onboarding,Medium,17,9
T20588,C1285,9/8/2023,Technical,Low,69.1,7
T20589,C1247,12/28/2023,Billing,Low,72.2,3
T20590,C1139,11/17/2024,Onboarding,Low,69.5,5
T20591,C1223,12/30/2024,Technical,High,7,8
T20592,C1344,4/28/2024,Technical,Low,53.8,7
T20593,C1078,12/27/2023,Onboarding,Medium,13.8,4
T20594,C1257,12/8/2024,Technical,High,0.9,5
T20595,C1403,3/7/2024,Billing,Low,42.2,5
T20596,C1032,1/25/2023,Feature Request,Low,67.1,5
T20597,C9003,1/31/2024,Outage,Medium,23.7,9
T20598,C1413,9/30/2024,Technical,Low,52.9,8
T20599,C1217,7/23/2024,Billing,Low,52.4,4
T20600,C1411,6/19/2023,Technical,Low,53.1,8
T20601,C1215,8/17/2024,Technical,Critical,12.5,5
T20602,C1351,9/16/2024,Feature Request,Medium,9.6,4
T20603,C1408,7/23/2024,Technical,Low,70.1,2
T20604,C1225,1/21/2024,Feature Request,Critical,7,6
T20605,C1166,7/17/2023,Onboarding,Medium,44.3,2
T20606,C1386,5/9/2023,Technical,Medium,29.8,4
T20607,C1251,6/16/2023,Technical,Low,58.8,5
T20608,C1065,12/4/2024,Feature Request,High,7.5,10
T20609,C1149,10/16/2023,Outage,Medium,35.2,4
T20610,C1387,4/3/2023,Billing,High,30.4,8
T20611,C1363,7/21/2024,Outage,Low,52.5,5
T20612,C1123,11/27/2024,Onboarding,High,0.8,8
T20613,C1267,1/11/2023,Outage,Low,40.7,7
T20614,C1247,7/20/2023,Technical,High,10,4
T20615,C1309,8/13/2024,Outage,Medium,31.6,7
T20616,C1218,1/19/2024,Onboarding,Low,64.3,7
T20617,C1408,5/14/2024,Onboarding,High,14.8,8
T20618,C1256,10/13/2024,Technical,Low,59.7,2
T20619,C1406,11/5/2024,Billing,Medium,42.8,6
T20620,C1088,11/18/2023,Technical,Low,61.3,7
T20621,C1176,12/16/2024,Feature Request,High,3.9,8
T20622,C1031,10/1/2023,Billing,Medium,32.6,8
T20623,C1352,4/5/2024,Onboarding,Medium,24.8,6
T20624,C1288,8/24/2024,Feature Request,High,16.5,9
T20625,C1403,6/1/2024,Feature Request,Medium,36,6
T20626,C1220,11/9/2023,Outage,Low,77.4,3
T20627,C1349,7/3/2023,Outage,Medium,33.3,3
T20628,C1201,9/25/2024,Technical,Low,64.5,8
T20629,C1353,10/12/2024,Onboarding,Medium,14.2,9
T20630,C1243,10/15/2023,Feature Request,High,22.7,4
T20631,C1049,9/16/2024,Technical,Critical,7.8,6
T20632,C1251,10/16/2024,Onboarding,Low,64.3,4
T20633,C1127,8/2/2024,Billing,Low,46.8,2
T20634,C1018,3/28/2023,Feature Request,Medium,26.4,6
T20635,C1126,8/7/2023,Outage,High,10.9,7
T20636,C1176,7/6/2024,Onboarding,Medium,34.2,4
T20637,C1070,1/17/2024,Technical,Medium,13,8
T20638,C1274,10/24/2023,Technical,Medium,31,3
T20639,C1069,2/14/2023,Technical,High,5.9,6
T20640,C1345,6/27/2024,Onboarding,Medium,15.9,9
T20641,C1001,11/17/2023,Technical,Medium,17,8
T20642,C1011,12/12/2024,Onboarding,Low,56.5,4
T20643,C1351,12/25/2023,Technical,Critical,21.5,9
T20644,C1338,7/20/2023,Billing,Low,66.4,7
T20645,C1121,8/21/2024,Feature Request,Medium,15,7
T20646,C1109,5/1/2023,Billing,Medium,40,9
T20647,C1170,3/22/2023,Billing,Low,48.8,4
T20648,C1313,10/20/2024,Billing,Low,67.6,10
T20649,C1384,1/2/2024,Technical,Medium,19.1,7
T20650,C1063,2/27/2024,Technical,Low,62.1,4
T20651,C1183,2/25/2024,Billing,Medium,30.1,5
T20652,C1269,6/22/2024,Onboarding,High,2.1,6
T20653,C1143,7/8/2023,Technical,Low,51.3,10
T20654,C1330,4/26/2023,Onboarding,Medium,25.5,3
T20655,C1159,9/4/2023,Outage,Medium,39.4,6
T20656,C1325,2/7/2024,Billing,Medium,35.2,4
T20657,C1216,10/1/2024,Onboarding,Low,49.3,7
T20658,C1261,9/24/2024,Billing,Low,61.8,4
T20659,C1284,12/31/2023,Feature Request,Medium,35.9,4
T20660,C1123,10/20/2023,Onboarding,Medium,36.9,4
T20661,C1036,2/17/2023,Technical,Medium,36,3
T20662,C1113,9/23/2023,Outage,Low,60.1,4
T20663,C1322,9/24/2024,Technical,Low,67.2,4
T20664,C1074,11/27/2023,Billing,Critical,3.4,6
T20665,C1072,2/22/2024,Technical,High,17.6,5
T20666,C1112,12/2/2024,Feature Request,High,8.8,9
T20667,C1164,4/17/2023,Onboarding,Medium,26.4,4
T20668,C1272,1/2/2023,Technical,High,10.9,4
T20669,C1119,10/6/2023,Onboarding,Low,47.3,7
T20670,C1097,1/30/2024,Technical,Low,71.3,5
T20671,C1173,2/29/2024,Technical,Medium,23.1,5
T20672,C1032,8/21/2024,Feature Request,Low,67.5,2
T20673,C1235,4/1/2023,Billing,Low,70.6,3
T20674,C1150,5/30/2023,Technical,Low,44.3,7
T20675,C1101,8/2/2024,Billing,Medium,,3
T20676,C1188,8/5/2024,Onboarding,Low,62.4,5
T20677,C1366,8/21/2023,Technical,Low,56.9,3
T20678,C1141,6/18/2023,Onboarding,Medium,33.5,3
T20679,C1016,5/17/2023,Outage,Low,48.9,6
T20680,C1245,5/1/2024,Billing,Medium,30.6,1
T20681,C1128,8/18/2024,Onboarding,Low,55.6,8
T20682,C1037,6/5/2024,Billing,Low,67.2,5
T20683,C1182,12/21/2024,Billing,Medium,29.2,5
T20684,C1275,4/17/2024,Onboarding,Medium,26.9,4
T20685,C1106,6/3/2023,Onboarding,Critical,7.3,6
T20686,C1354,4/4/2024,Billing,Medium,23.5,8
T20687,C1127,6/27/2024,Technical,Medium,17.5,7
T20688,C1065,11/23/2023,Technical,Medium,16.5,6
T20689,C1284,6/5/2024,Onboarding,Medium,37.6,4
T20690,C1086,12/7/2024,Outage,Low,72.8,1
T20691,C1249,3/25/2023,Technical,Low,40.3,8
T20692,C1340,10/17/2024,Billing,High,8.2,8
T20693,C1227,9/17/2024,Outage,High,17.6,7
T20694,C1215,1/30/2023,Onboarding,Low,47.3,6
T20695,C1211,7/23/2023,Billing,Low,57.9,5
T20696,C1087,5/4/2024,Technical,Low,61.3,3
T20697,C1028,6/16/2024,Technical,Critical,4.7,6
T20698,C1192,8/6/2023,Technical,Medium,25.4,4
T20699,C1254,12/24/2024,Billing,Low,57,6
T20700,C1116,5/24/2023,Onboarding,Critical,9.1,6
T20701,C1078,12/31/2023,Technical,Medium,38.7,8
T20702,C1075,8/15/2023,Technical,Low,51.4,4
T20703,C1245,3/21/2024,Onboarding,Low,72.3,4
T20704,C1065,11/13/2024,Outage,Low,56.1,4
T20705,C1166,5/25/2024,Onboarding,Low,60,6
T20706,C1018,10/9/2024,Feature Request,Medium,43.2,4
T20707,C1126,10/14/2024,Technical,Critical,5.1,6
T20708,C1354,2/27/2023,Feature Request,Low,63,6
T20709,C1390,1/12/2023,Technical,High,8.5,10
T20710,C1406,2/20/2023,Technical,High,19.4,8
T20711,C1021,12/2/2023,Billing,High,36.5,5
T20712,C1139,5/3/2023,Outage,Low,68.9,4
T20713,C1035,4/10/2023,Feature Request,Medium,22.3,8
T20714,C1038,4/21/2023,Technical,Low,73.5,3
T20715,C1399,4/12/2023,Outage,Low,57.6,4
T20716,C1017,11/2/2023,Technical,Low,53.5,5
T20717,C1015,2/10/2023,Onboarding,Low,55.5,5
T20718,C1028,10/26/2023,Onboarding,Low,66,2
T20719,C1350,1/14/2023,Onboarding,Low,76.3,5
T20720,C1206,4/24/2024,Onboarding,Medium,35.1,3
T20721,C1160,9/28/2024,Onboarding,Low,66.8,4
T20722,C1222,9/28/2023,Billing,Low,65.5,2
T20723,C1363,7/25/2023,Onboarding,Low,60.5,7
T20724,C1003,9/28/2024,Billing,Low,46.9,3
T20725,C1252,1/22/2023,Billing,Medium,40.6,4
T20726,C1074,3/24/2023,Feature Request,High,24.7,3
T20727,C1363,4/10/2024,Onboarding,Medium,47.2,4
T20728,C1346,2/1/2023,Onboarding,Low,37.5,6
T20729,C1033,3/17/2023,Technical,Low,52.6,6
T20730,C1010,10/30/2024,Technical,Low,74.3,2
T20731,C1193,4/29/2023,Feature Request,Medium,29.1,5
T20732,C1270,6/25/2023,Technical,High,27.2,8
T20733,C1107,8/1/2023,Technical,Medium,34.2,4
T20734,C1417,8/5/2024,Feature Request,Low,46.3,5
T20735,C9003,5/3/2024,Billing,High,29.4,6
T20736,C1046,12/16/2023,Technical,Low,55.3,3
T20737,C1380,12/3/2023,Billing,Medium,18.2,8
T20738,C1041,6/16/2023,Technical,Medium,45.3,4
T20739,C1245,1/3/2024,Feature Request,Medium,37.6,7
T20740,C1277,1/17/2023,Technical,Low,56.9,5
T20741,C1317,10/23/2023,Onboarding,Low,53.4,2
T20742,C1342,2/13/2023,Technical,High,8.3,8
T20743,C1179,1/8/2023,Billing,Medium,24.8,5
T20744,C1129,9/19/2024,Outage,Low,42.9,3
T20745,C1159,4/12/2023,Technical,Medium,46.2,6
T20746,C1395,6/20/2024,Technical,Low,53.4,6
T20747,C1353,6/11/2024,Billing,Low,64.8,4
T20748,C1345,2/11/2023,Feature Request,High,7.7,6
T20749,C1306,3/10/2024,Technical,Medium,27.4,7
T20750,C1010,7/13/2024,Outage,Medium,33.1,6
T20751,C1296,9/15/2024,Onboarding,Critical,0.7,8
T20752,C1046,6/28/2023,Feature Request,Low,58.3,6
T20753,C1383,9/4/2024,Technical,Low,57.5,5
T20754,C1359,12/16/2023,Technical,Low,59.9,5
T20755,C1045,7/8/2023,Feature Request,Critical,15.7,4
T20756,C1310,1/28/2023,Technical,Critical,24,3
T20757,C1140,8/5/2023,Technical,Low,69.4,5
T20758,C1275,1/6/2023,Technical,High,16.4,10
T20759,C1019,5/9/2024,Feature Request,Critical,21.6,6
T20760,C1367,3/19/2024,Technical,Medium,25.3,5
T20761,C1038,5/11/2024,Billing,Medium,50.1,4
T20762,C1151,9/21/2023,Technical,Low,61.7,2
T20763,C1206,8/7/2023,Feature Request,Low,56.2,7
T20764,C1045,7/21/2024,Feature Request,Medium,33.7,5
T20765,C1395,9/1/2023,Feature Request,Medium,29.3,6
T20766,C1300,6/16/2024,Onboarding,Low,64.7,6
T20767,C1074,2/18/2023,Billing,Low,77.5,2
T20768,C1392,7/19/2023,Outage,High,20.2,8
T20769,C1381,5/5/2023,Billing,Low,67.5,3
T20770,C1051,11/3/2024,Onboarding,Critical,10.6,7
T20771,C1163,6/26/2023,Billing,Low,52.9,4
T20772,C1339,6/22/2023,Billing,Low,68.5,5
T20773,C1267,9/2/2024,Billing,Medium,39.1,6
T20774,C1056,6/17/2023,Technical,Low,55.7,4
T20775,C1303,10/20/2024,Technical,Medium,25,5
T20776,C1078,6/13/2024,Technical,Critical,6.8,7
T20777,C1297,5/13/2024,Outage,Medium,26.9,7
T20778,C1304,5/16/2024,Technical,Medium,41.6,2
T20779,C1287,7/14/2023,Feature Request,Low,65.2,2
T20780,C1236,1/11/2024,Technical,High,2.6,7
T20781,C1321,12/28/2024,Outage,High,12.1,6
T20782,C1312,10/25/2024,Feature Request,High,15.8,7
T20783,C1051,4/29/2023,Technical,Low,59.2,6
T20784,C9002,1/1/2023,Feature Request,Critical,10.3,6
T20785,C1271,8/9/2024,Technical,Medium,4.1,6
T20786,C1025,9/17/2023,Billing,High,29.8,7
T20787,C1290,8/30/2023,Feature Request,Critical,8.3,6
T20788,C1088,9/2/2024,Technical,Low,53.3,5
T20789,C1022,10/28/2023,Billing,Medium,34.2,4
T20790,C1327,6/9/2024,Technical,Low,51,4
T20791,C1125,5/7/2023,Billing,Medium,18.8,8
T20792,C1035,10/10/2024,Onboarding,Low,39.4,2
T20793,C1124,10/22/2023,Billing,Critical,4.9,6
T20794,C1309,4/24/2024,Onboarding,Medium,20.5,9
T20795,C1269,4/9/2023,Outage,Medium,48.7,1
T20796,C1183,3/21/2023,Technical,Medium,29.1,8
T20797,C1080,12/14/2024,Billing,High,12.1,5
T20798,C1420,6/2/2024,Feature Request,Critical,6.7,7
T20799,C1250,7/6/2023,Billing,Low,57.5,7
T20800,C1372,12/22/2023,Feature Request,Low,70.6,7
T20801,C1358,3/16/2024,Onboarding,High,11.5,7
T20802,C1040,4/2/2023,Feature Request,High,12.9,4
T20803,C1324,9/4/2024,Billing,Medium,25.4,4
T20804,C1106,6/25/2023,Technical,Medium,27.8,2
T20805,C1387,5/31/2023,Billing,Low,73.9,5
T20806,C1067,8/1/2023,Feature Request,Low,69.1,3
T20807,C1227,4/4/2023,Billing,High,10.9,6
T20808,C1325,8/7/2024,Onboarding,Low,72.4,8
T20809,C1096,2/4/2023,Technical,Medium,37.2,6
T20810,C1362,9/13/2024,Technical,Critical,19.3,4
T20811,C1167,12/6/2023,Outage,High,21.3,7
T20812,C1218,3/1/2023,Billing,Medium,23.5,8
T20813,C1089,9/20/2024,Outage,Low,54.1,10
T20814,C1333,2/5/2023,Technical,Low,50.3,6
T20815,C1383,9/25/2023,Billing,Low,63.2,4
T20816,C1002,10/27/2024,Technical,High,0.7,7
T20817,C1396,6/8/2024,Outage,Medium,38.6,6
T20818,C1280,9/12/2023,Technical,High,12.3,7
T20819,C1328,11/14/2024,Technical,Low,56.2,2
T20820,C1095,8/20/2024,Technical,Low,30.6,2
T20821,C1032,10/6/2023,Technical,Medium,31.3,3
T20822,C1030,12/15/2023,Outage,Low,52.3,5
T20823,C1401,1/30/2024,Technical,Critical,1.4,8
T20824,C1236,12/29/2024,Technical,Medium,25.8,6
T20825,C1159,10/16/2024,Technical,Low,51.4,4
T20826,C1052,2/13/2023,Outage,Medium,17.8,6
T20827,C1349,5/15/2023,Technical,Medium,21.2,7
T20828,C1401,4/2/2023,Technical,Low,49.7,3
T20829,C1253,9/20/2023,Feature Request,High,25.4,4
T20830,C1046,10/16/2023,Billing,Medium,12.6,8
T20831,C1074,4/11/2024,Technical,Low,48.2,4
T20832,C1059,6/8/2023,Technical,Medium,29.3,4
T20833,C1237,6/17/2023,Outage,Critical,15.7,9
T20834,C1029,9/20/2023,Feature Request,Medium,24.2,8
T20835,C1417,9/27/2024,Billing,Medium,68.1,4
T20836,C1260,5/29/2023,Onboarding,Low,62,
T20837,C1194,12/10/2023,Technical,Medium,36.8,
T20838,C1042,4/29/2024,Onboarding,Medium,28.9,7
T20839,C1217,1/23/2023,Onboarding,Low,75.8,6
T20840,C1376,7/20/2024,Billing,Medium,23.1,7
T20841,C1197,5/9/2024,Technical,Medium,18,4
T20842,C1194,11/26/2024,Feature Request,Low,53.5,2
T20843,C1174,4/19/2024,Feature Request,Medium,20.9,8
T20844,C1157,4/4/2023,Technical,Low,42.6,3
T20845,C1350,12/21/2024,Technical,High,25.6,5
T20846,C1417,7/27/2024,Onboarding,Medium,21.8,6
T20847,C1167,2/16/2023,Billing,High,14.4,7
T20848,C1005,9/15/2023,Billing,Low,55.5,3
T20849,C1024,11/8/2024,Technical,Medium,37,5
T20850,C1219,6/23/2023,Billing,Low,65.8,6
T20851,C1285,12/23/2024,Technical,Low,52.9,4
T20852,C9004,8/13/2024,Technical,Medium,20.9,5
T20853,C1009,12/24/2024,Billing,Low,43,4
T20854,C1378,5/3/2023,Feature Request,Low,35.9,3
T20855,C1218,1/30/2024,Technical,Medium,35.6,4
T20856,C1021,5/17/2023,Technical,Low,50.6,3
T20857,C1301,5/2/2023,Technical,Low,41.1,8
T20858,C1058,4/5/2023,Technical,High,4,9
T20859,C1194,6/21/2024,Technical,Medium,22.9,7
T20860,C1127,8/13/2024,Billing,Medium,39.4,4
T20861,C1115,6/12/2024,Billing,Medium,27.6,5
T20862,C1216,5/26/2024,Onboarding,Low,65.3,3
T20863,C1158,6/10/2023,Onboarding,Medium,17.7,9
T20864,C1233,2/2/2024,Billing,Critical,12.2,9
T20865,C1344,5/25/2023,Technical,High,11.8,9
T20866,C1039,4/13/2024,Technical,High,8.9,7
T20867,C1390,8/30/2024,Onboarding,High,9.1,5
T20868,C1159,5/28/2024,Billing,Low,47.4,6
T20869,C1093,5/29/2023,Onboarding,Medium,17.9,7
T20870,C1122,1/29/2023,Billing,Medium,25,6
T20871,C1034,11/29/2024,Billing,Low,57.2,4
T20872,C1277,11/8/2023,Billing,Low,47.2,7
T20873,C1066,8/18/2023,Feature Request,Low,40.9,4
T20874,C1038,3/29/2024,Onboarding,Low,44.8,6
T20875,C1386,4/20/2024,Onboarding,Medium,49,6
T20876,C1241,7/22/2023,Billing,Low,47,6
T20877,C1397,1/3/2024,Technical,Medium,32.7,9
T20878,C1279,12/20/2024,Technical,Medium,23,6
T20879,C1119,5/6/2023,Onboarding,Medium,23.6,9
T20880,C1397,1/7/2023,Billing,Critical,6.5,8
T20881,C1054,7/26/2023,Billing,Low,74.8,6
T20882,C1257,7/6/2023,Technical,High,18.9,5
T20883,C1096,2/21/2023,Feature Request,High,2.2,10
T20884,C1239,4/13/2023,Feature Request,Medium,33.2,6
T20885,C1143,12/17/2024,Onboarding,Low,64.6,3
T20886,C1001,8/28/2024,Billing,Medium,62.5,6
T20887,C1265,7/21/2024,Technical,Low,44.3,2
T20888,C1204,1/18/2024,Technical,Low,80.8,7
T20889,C1366,10/3/2023,Technical,Medium,36.4,5
T20890,C1181,11/11/2024,Onboarding,Medium,16.2,4
T20891,C1230,12/14/2024,Billing,Critical,2,8
T20892,C1296,11/30/2023,Billing,Medium,19.3,
T20893,C1197,4/24/2023,Onboarding,Medium,21.3,7
T20894,C1125,11/29/2023,Feature Request,Medium,38.9,6
T20895,C1017,3/31/2023,Feature Request,Low,57.8,2
T20896,C1079,7/5/2023,Technical,High,0.5,6
T20897,C1168,8/6/2023,Billing,High,11.6,8
T20898,C1270,11/25/2024,Billing,Medium,28.7,3
T20899,C1175,6/8/2023,Technical,Medium,10.4,8
T20900,C1127,5/26/2023,Technical,Medium,29.9,3
T20901,C1368,9/16/2023,Technical,High,23,7
T20902,C1346,6/30/2024,Outage,High,21.4,4
T20903,C1236,6/27/2023,Feature Request,Medium,56.4,6
T20904,C1310,7/25/2023,Technical,Medium,41.8,5
T20905,C1389,1/26/2023,Technical,Medium,42,4
T20906,C1051,9/8/2023,Outage,Low,56.2,5
T20907,C1383,12/5/2023,Feature Request,Low,61.5,4
T20908,C1291,4/29/2023,Billing,Medium,,7
T20909,C1369,2/2/2024,Technical,Medium,15.7,8
T20910,C1214,7/12/2024,Billing,Medium,26.5,4
T20911,C1145,7/3/2023,Feature Request,Medium,44.1,
T20912,C1006,6/18/2023,Technical,High,8.4,4
T20913,C1342,10/4/2023,Outage,Critical,0.9,6
T20914,C1217,12/13/2023,Billing,High,4.6,7
T20915,C1009,8/19/2024,Technical,Medium,7.6,4
T20916,C1370,12/3/2024,Technical,Medium,29.5,7
T20917,C1281,6/24/2023,Technical,Medium,35.8,4
T20918,C1186,6/2/2023,Onboarding,High,3.4,6
T20919,C1278,1/10/2023,Billing,Low,83.2,5
T20920,C1234,4/1/2023,Billing,Low,80.3,5
T20921,C1325,3/31/2024,Technical,Low,64.4,3
T20922,C1371,3/13/2024,Outage,Low,41,6
T20923,C1029,12/4/2024,Feature Request,High,5.9,7
T20924,C1253,2/9/2023,Billing,Medium,10.5,7
T20925,C1404,3/1/2024,Technical,High,22.7,
T20926,C1214,5/10/2023,Feature Request,Medium,32.2,7
T20927,C1300,11/20/2024,Billing,High,17.2,9
T20928,C1062,10/24/2024,Billing,High,31.5,7
T20929,C1085,1/10/2023,Technical,Critical,5.6,6
T20930,C1169,8/15/2023,Onboarding,Medium,33.5,8
T20931,C1321,12/15/2023,Feature Request,Medium,21.9,7
T20932,C1257,8/13/2023,Feature Request,Low,51.9,5
T20933,C1108,1/22/2024,Technical,High,7.2,10
T20934,C1272,8/12/2024,Billing,Low,81.3,8
T20935,C1133,7/10/2023,Technical,Medium,32.4,8
T20936,C1417,1/6/2024,Technical,Medium,39.7,5
T20937,C1232,9/17/2024,Onboarding,Low,58.7,8
T20938,C1036,3/23/2024,Technical,Critical,17.2,5
T20939,C1016,5/13/2023,Billing,Medium,29.2,6
T20940,C1070,10/10/2023,Technical,High,8.6,7
T20941,C1395,11/7/2024,Billing,Medium,28.9,6
T20942,C1327,6/12/2024,Technical,Critical,12.2,9
T20943,C9002,11/1/2024,Outage,Low,60.3,3
T20944,C1073,5/19/2023,Billing,Medium,35.6,3
T20945,C1243,5/29/2024,Onboarding,Low,64.1,6
T20946,C1397,10/8/2024,Onboarding,Medium,31.1,2
T20947,C1023,12/6/2023,Billing,High,20.3,8
T20948,C1364,5/12/2023,Technical,Critical,7.1,5
T20949,C1390,9/29/2023,Billing,Medium,35,5
T20950,C1161,3/25/2023,Billing,Medium,37.6,2
T20951,C1042,1/9/2023,Outage,Medium,16.1,8
T20952,C1198,8/23/2024,Feature Request,High,11.1,7
T20953,C1276,1/2/2024,Outage,High,3.1,8
T20954,C1236,6/12/2024,Onboarding,Low,67.4,5
T20955,C1142,3/19/2024,Technical,Critical,9.4,8
T20956,C1075,5/5/2023,Outage,Medium,33,6
T20957,C1267,8/12/2023,Technical,Medium,35,2
T20958,C1406,2/19/2023,Technical,High,12.4,3
T20959,C1077,4/25/2024,Outage,Critical,3.7,10
T20960,C1048,5/23/2024,Onboarding,Medium,18.8,7
T20961,C1118,9/20/2023,Billing,Medium,27.8,2
T20962,C1027,3/12/2024,Technical,Low,47.3,4
T20963,C1411,1/2/2023,Outage,Low,64.6,5
T20964,C1340,6/10/2023,Feature Request,Medium,41.7,5
T20965,C1145,6/18/2023,Feature Request,Low,68.3,6
T20966,C1085,5/11/2024,Feature Request,High,8.3,10
T20967,C1219,9/3/2024,Onboarding,Low,58.3,8
T20968,C1131,1/16/2024,Outage,Low,72.1,7
T20969,C1067,2/6/2023,Outage,Low,75.2,4
T20970,C1385,11/16/2023,Billing,Low,71.5,3
T20971,C1140,11/6/2023,Technical,Low,61.2,6
T20972,C1097,9/13/2023,Outage,High,10.3,7
T20973,C1186,1/12/2024,Feature Request,High,7.1,6
T20974,C1328,9/15/2024,Onboarding,High,16.2,5
T20975,C1013,6/16/2023,Technical,Low,71.1,6
T20976,C1137,1/5/2023,Billing,Medium,31,4
T20977,C1357,6/5/2024,Onboarding,Medium,19.6,5
T20978,C1074,4/14/2023,Technical,Low,69.2,7
T20979,C1112,6/14/2023,Onboarding,High,8.8,6
T20980,C1109,8/11/2023,Outage,High,12.7,7
T20981,C1236,12/15/2024,Billing,Medium,25.7,4
T20982,C1018,6/25/2023,Billing,Low,58.9,7
T20983,C1206,7/6/2023,Onboarding,Medium,45.6,5
T20984,C1023,12/12/2024,Feature Request,Low,39.5,6
T20985,C1134,11/6/2024,Technical,Low,80.7,4
T20986,C1011,10/7/2023,Onboarding,Low,64.4,5
T20987,C1293,2/24/2023,Billing,Critical,6.8,7
T20988,C1195,8/22/2023,Technical,Medium,31.5,6
T20989,C1348,4/24/2024,Technical,Medium,34.7,5
T20990,C1206,10/18/2024,Billing,Medium,43.9,2
T20991,C1018,9/1/2023,Technical,Low,59.1,2
T20992,C1238,6/16/2024,Feature Request,Low,45.6,6
T20993,C1072,9/30/2023,Technical,High,15.4,8
T20994,C1294,12/12/2023,Billing,Medium,21.6,8
T20995,C1035,11/14/2023,Feature Request,Low,55.1,3
T20996,C1398,10/1/2024,Billing,Low,49.5,3
T20997,C1369,7/5/2024,Feature Request,Low,74.5,2
T20998,C1071,1/1/2023,Technical,High,16.6,9
T20999,C1075,12/2/2024,Onboarding,Medium,22.3,6
T21000,C1163,10/3/2024,Technical,High,4.1,6
T21001,C1174,1/12/2023,Outage,Low,68.9,3
T21002,C1145,11/25/2023,Technical,Medium,45.9,4
T21003,C1081,11/27/2024,Technical,Low,60,5
T21004,C1062,11/11/2024,Feature Request,Low,54.3,3
T21005,C1411,12/20/2023,Technical,Low,80.8,8
T21006,C1230,2/26/2024,Technical,Medium,10.3,7
T21007,C1083,1/6/2024,Feature Request,Low,69.2,5
T21008,C1298,9/26/2024,Feature Request,Critical,8.7,9
T21009,C1122,8/31/2023,Feature Request,High,11.1,5
T21010,C1109,11/1/2024,Technical,Low,56.7,5
T21011,C1015,8/5/2024,Onboarding,Medium,35.5,
T21012,C1319,2/16/2024,Feature Request,Low,43.6,3
T21013,C1138,12/10/2023,Billing,Medium,26.8,5
T21014,C1290,2/2/2023,Technical,Low,73.2,5
T21015,C1373,6/19/2024,Technical,Low,60.5,5
T21016,C1297,9/5/2023,Billing,High,26.7,5
T21017,C1386,6/10/2024,Feature Request,Medium,27,6
T21018,C1022,12/20/2023,Technical,Low,59.9,8
T21019,C1194,9/13/2024,Technical,Medium,29.5,4
T21020,C1115,6/21/2023,Technical,Low,57.7,6
T21021,C1192,2/10/2023,Onboarding,Medium,30.5,5
T21022,C1393,9/12/2023,Billing,High,9.1,7
T21023,C1177,4/5/2024,Technical,Medium,36.4,3
T21024,C1050,8/10/2024,Onboarding,Critical,3.8,6
T21025,C1188,1/8/2023,Feature Request,Critical,14.8,6
T21026,C1044,1/20/2024,Technical,Low,45.7,4
T21027,C1394,3/15/2023,Onboarding,Medium,25.3,3
T21028,C1306,11/25/2024,Outage,Low,67.7,6
T21029,C1076,6/10/2024,Technical,Medium,27.5,4
T21030,C1044,7/6/2024,Technical,Critical,8.1,6
T21031,C1165,7/19/2023,Technical,Low,47.8,2
T21032,C1174,2/11/2024,Billing,High,11.1,5
T21033,C1329,3/28/2023,Feature Request,High,8.6,3
T21034,C1259,6/14/2024,Technical,Medium,27.6,6
T21035,C1051,5/3/2024,Billing,Critical,15.3,8
T21036,C1200,11/1/2023,Onboarding,Low,60,5
T21037,C1398,3/30/2023,Technical,Low,74.4,4
T21038,C1351,3/25/2024,Feature Request,Low,75,5
T21039,C1131,3/17/2024,Technical,Medium,28.2,3
T21040,C1048,10/7/2023,Onboarding,Low,61,4
T21041,C1184,5/19/2024,Onboarding,Medium,26.9,5
T21042,C1381,2/27/2024,Technical,Critical,7.2,9
T21043,C1414,10/13/2023,Feature Request,Low,45.2,2
T21044,C1233,2/26/2023,Onboarding,Medium,30.8,2
T21045,C1239,7/19/2024,Technical,Medium,41.9,7
T21046,C1262,2/4/2024,Billing,Medium,35.4,7
T21047,C1278,3/25/2023,Feature Request,High,8.6,9
T21048,C1202,5/22/2024,Billing,Low,41.6,5
T21049,C1378,2/9/2023,Technical,Low,78.1,2
T21050,C1079,1/28/2024,Billing,Medium,20.6,7
T21051,C1242,6/5/2024,Technical,Medium,34,5
T21052,C1021,7/6/2023,Outage,Low,58,
T21053,C1034,9/26/2024,Onboarding,Low,50,3
T21054,C1387,5/30/2024,Feature Request,Low,66,6
T21055,C1351,12/28/2024,Technical,Low,57.9,3
T21056,C1049,3/10/2023,Feature Request,High,16,7
T21057,C1360,3/10/2024,Billing,Low,56.1,6
T21058,C1247,8/1/2023,Technical,Medium,36.4,4
T21059,C1258,3/12/2023,Billing,High,26.1,7
T21060,C1020,3/4/2023,Onboarding,Low,72.1,5
T21061,C1181,9/7/2023,Billing,Medium,30.4,5
T21062,C1293,4/29/2024,Feature Request,Critical,14.4,6
T21063,C1294,5/18/2023,Billing,Medium,31.4,6
T21064,C1342,2/10/2024,Outage,Low,48.1,5
T21065,C1090,6/29/2023,Technical,Medium,28.9,6
T21066,C1341,3/23/2023,Feature Request,High,3.4,8
T21067,C1072,9/29/2023,Billing,Medium,42.6,4
T21068,C1010,12/22/2023,Technical,Low,59.3,7
T21069,C1404,7/24/2023,Billing,Critical,1.8,8
T21070,C1155,9/27/2024,Technical,Medium,44.1,7
T21071,C1077,12/25/2024,Technical,Low,48.6,8
T21072,C1037,7/28/2024,Feature Request,Low,53.6,7
T21073,C1369,10/1/2024,Technical,Low,60.4,6
T21074,C1291,2/21/2023,Technical,Critical,9.1,10
T21075,C1296,9/20/2024,Billing,Medium,32.6,6
T21076,C1412,11/8/2024,Technical,Low,70,6
T21077,C1127,2/2/2024,Billing,Low,68.9,3
T21078,C1266,12/10/2023,Technical,Low,66.6,6
T21079,C1348,10/7/2023,Feature Request,Medium,31.4,3
T21080,C1143,6/19/2024,Technical,Low,48.1,3
T21081,C1282,8/29/2024,Billing,Low,63.2,4
T21082,C1203,11/1/2023,Billing,Medium,21.8,9
T21083,C1292,9/1/2024,Billing,High,0.9,6
T21084,C1188,2/8/2023,Feature Request,Low,45.3,7
T21085,C1049,9/22/2023,Billing,High,27.8,8
T21086,C1038,10/28/2024,Technical,Medium,28.7,4
T21087,C1152,11/13/2023,Billing,Low,60.6,4
T21088,C1260,11/10/2024,Feature Request,Medium,22.1,7
T21089,C1324,7/23/2023,Billing,High,15.2,6
T21090,C1146,9/23/2024,Billing,Medium,42.5,2
T21091,C1045,4/13/2023,Technical,Medium,23,10
T21092,C1115,2/14/2024,Onboarding,High,15,8
T21093,C1206,12/12/2023,Outage,Low,56.3,6
T21094,C1076,9/9/2023,Billing,Medium,41,4
T21095,C1138,6/2/2023,Feature Request,Medium,12.7,5
T21096,C1294,2/16/2023,Billing,Low,60,3
T21097,C1152,12/4/2024,Billing,High,14.5,9
T21098,C1162,10/21/2023,Billing,Medium,18.2,7
T21099,C1109,8/30/2023,Technical,Low,68.5,5
T21100,C1020,1/22/2023,Technical,High,4.8,6
T21101,C1116,10/25/2024,Onboarding,Medium,32.2,6
T21102,C1204,7/9/2024,Technical,Low,64.3,6
T21103,C1289,6/10/2024,Feature Request,Medium,49,4
T21104,C1220,1/28/2024,Billing,High,32.4,2
T21105,C1225,11/27/2023,Outage,Low,59.3,6
T21106,C1381,4/18/2024,Outage,High,11.2,8
T21107,C1339,1/17/2024,Technical,Critical,16.5,5
T21108,C1341,5/21/2023,Billing,High,8.7,6
T21109,C1289,9/7/2023,Feature Request,High,22.7,6
T21110,C9004,6/22/2024,Outage,Low,73.7,3
T21111,C1252,5/7/2023,Billing,Low,52.7,3
T21112,C1265,10/8/2024,Billing,Low,49.9,4
T21113,C1149,7/12/2023,Onboarding,Medium,37.2,5
T21114,C1377,12/18/2024,Billing,Low,62,2
T21115,C1201,10/8/2023,Technical,Medium,34.3,5
T21116,C1352,3/27/2024,Technical,Medium,35.5,5
T21117,C1335,1/25/2023,Technical,Low,65.5,5
T21118,C9001,11/9/2023,Onboarding,Critical,11.3,9
T21119,C1178,10/3/2023,Technical,Low,39.6,3
T21120,C1157,6/22/2023,Billing,Low,48.8,5
T21121,C1349,3/12/2024,Technical,Low,68,6
T21122,C1053,10/1/2024,Technical,Low,74.2,6
T21123,C1154,1/11/2023,Onboarding,Low,77.3,6
T21124,C1362,5/1/2023,Feature Request,Low,86.4,3
T21125,C1400,7/6/2024,Feature Request,Low,54,6
T21126,C1216,3/4/2024,Outage,High,8.1,6
T21127,C1391,10/8/2023,Onboarding,Medium,29.6,5
T21128,C1226,4/21/2024,Feature Request,High,10.9,9
T21129,C1325,12/31/2023,Technical,Low,76.4,5
T21130,C1220,7/3/2023,Technical,Low,47.8,4
T21131,C1109,4/6/2024,Billing,Low,77.6,6
T21132,C1346,9/6/2024,Technical,Medium,31.4,8
T21133,C1413,4/16/2024,Onboarding,Medium,18.2,8
T21134,C1210,11/16/2024,Outage,High,1.7,4
T21135,C1023,10/23/2023,Billing,Low,76.8,5
T21136,C1303,8/1/2023,Billing,Medium,59.8,4
T21137,C1109,1/16/2023,Onboarding,Low,91.3,5
T21138,C1277,9/3/2023,Outage,Low,63.2,5
T21139,C1203,8/20/2024,Technical,Low,42.3,5
T21140,C1313,6/23/2024,Billing,Medium,43.3,5
T21141,C1319,11/1/2023,Technical,Medium,43.3,6
T21142,C1033,1/2/2024,Feature Request,Medium,28.6,4
T21143,C1374,12/14/2023,Outage,Low,76.7,5
T21144,C1189,2/9/2024,Billing,Low,59,3
T21145,C1212,4/17/2024,Billing,High,18.7,10
T21146,C1198,1/11/2023,Feature Request,Medium,34.4,4
T21147,C1212,8/13/2024,Billing,High,35.7,5
T21148,C1102,2/13/2024,Billing,Medium,12.6,7
T21149,C1166,11/27/2024,Billing,Critical,0.8,4
T21150,C1306,10/6/2023,Onboarding,Low,65.5,8
T21151,C1187,10/31/2023,Outage,Low,56.1,5
T21152,C1233,10/12/2023,Onboarding,Medium,9.6,10
T21153,C1222,1/5/2023,Billing,Low,66.8,5
T21154,C1092,7/7/2023,Feature Request,Low,61.8,4
T21155,C1375,10/4/2023,Technical,Critical,3.1,3
T21156,C1270,4/3/2023,Billing,Medium,34.8,2
T21157,C1149,12/21/2024,Outage,High,13.7,6
T21158,C1324,4/27/2023,Technical,Medium,25.3,4
T21159,C1138,6/29/2023,Technical,Medium,14.7,7
T21160,C1123,11/21/2023,Billing,Low,45.9,6
T21161,C1342,10/10/2024,Billing,Medium,15.1,7
T21162,C1110,5/20/2023,Billing,Critical,11.2,7
T21163,C1233,11/2/2024,Feature Request,High,2.8,9
T21164,C1139,10/1/2023,Outage,Low,48.9,6
T21165,C1030,3/25/2023,Feature Request,Medium,21.9,7
T21166,C1375,5/30/2024,Feature Request,Low,59.7,3
T21167,C1042,6/28/2023,Billing,Medium,26.1,3
T21168,C1402,10/29/2023,Technical,Low,73.7,4
T21169,C1066,6/11/2023,Billing,Medium,29.2,5
T21170,C1022,7/23/2023,Onboarding,High,22.9,5
T21171,C1410,5/19/2023,Billing,Low,66.7,5
T21172,C1278,10/31/2024,Onboarding,Critical,6.9,9
T21173,C1195,11/9/2023,Onboarding,High,7.8,7
T21174,C1297,11/7/2023,Feature Request,Medium,8.6,6
T21175,C1362,2/27/2023,Billing,Low,60.7,5
T21176,C1233,6/7/2024,Technical,Medium,37.9,6
T21177,C1350,10/13/2024,Feature Request,High,4.8,7
T21178,C1082,9/18/2024,Feature Request,Medium,24.2,4
T21179,C1305,4/30/2024,Feature Request,Low,48.5,2
T21180,C1274,4/27/2023,Technical,Low,62.1,1
T21181,C1057,10/3/2023,Technical,High,2.8,9
T21182,C1092,9/12/2024,Technical,Medium,19.3,5
T21183,C1331,1/10/2023,Technical,Medium,27.3,4
T21184,C1048,9/6/2023,Technical,High,3.3,4
T21185,C1377,12/27/2024,Billing,Critical,10.9,10
T21186,C1100,6/19/2024,Outage,Medium,24.1,5
T21187,C1019,1/3/2023,Billing,Medium,34.5,5
T21188,C1217,7/22/2023,Technical,Low,36.8,2
T21189,C1028,10/28/2023,Technical,Medium,13.7,6
T21190,C9001,6/13/2024,Feature Request,Low,50.2,6
T21191,C1175,12/21/2024,Technical,High,4.9,9
T21192,C1334,6/7/2023,Billing,Medium,35.7,1
T21193,C1174,2/28/2023,Onboarding,Low,52.5,5
T21194,C1036,1/13/2023,Onboarding,Low,59.5,5
T21195,C1159,1/20/2023,Technical,Low,70.6,4
T21196,C1130,1/7/2024,Technical,High,0.4,10
T21197,C1198,4/18/2023,Outage,Critical,19.5,5
T21198,C1164,3/17/2023,Outage,Medium,24.4,7
T21199,C1196,10/5/2023,Billing,Medium,18.7,6
T21200,C1175,8/24/2023,Technical,Low,55.9,3
T21201,C1212,5/27/2024,Technical,Critical,4.4,8
T21202,C1180,6/3/2023,Technical,Low,79.8,1
T21203,C1137,1/6/2024,Onboarding,Medium,26.8,8
T21204,C1305,5/19/2024,Technical,Low,56,4
T21205,C1106,3/16/2024,Feature Request,Medium,27.9,5
T21206,C1208,5/12/2023,Outage,Medium,28.8,4
T21207,C1240,7/14/2024,Feature Request,Medium,39.6,8
T21208,C1238,8/26/2024,Onboarding,Low,82.6,2
T21209,C1206,5/20/2024,Onboarding,Critical,6.8,5
T21210,C1149,9/23/2023,Outage,Low,49.8,4
T21211,C1307,5/21/2024,Billing,Low,56.9,4
T21212,C1144,4/8/2023,Technical,High,11.5,7
T21213,C1280,9/24/2023,Technical,Medium,41.2,4
T21214,C1239,12/24/2024,Onboarding,High,22.3,4
T21215,C1265,5/28/2024,Technical,Medium,39.9,4
T21216,C1351,10/1/2023,Billing,High,6.9,6
T21217,C1176,2/21/2024,Billing,Medium,27.6,
T21218,C1404,4/5/2024,Technical,Medium,42.9,4
T21219,C1049,12/14/2024,Technical,Medium,17.7,6
T21220,C1387,2/20/2023,Technical,Medium,12,8
T21221,C1395,2/25/2024,Technical,Critical,17.1,6
T21222,C1207,4/9/2024,Billing,Low,51.4,5
T21223,C1196,4/24/2024,Outage,Medium,16,8
T21224,C1093,3/22/2024,Onboarding,Critical,3.3,6
T21225,C1250,8/3/2023,Technical,Low,66.4,3
T21226,C1420,5/13/2023,Outage,Medium,31.7,7
T21227,C1313,2/5/2024,Billing,High,9.5,5
T21228,C1247,1/16/2023,Billing,High,9.9,5
T21229,C1416,5/3/2023,Onboarding,Medium,26.5,1
T21230,C9002,12/6/2023,Technical,Medium,43.3,2
T21231,C1008,11/19/2023,Onboarding,Low,70.3,7
T21232,C1402,4/28/2024,Technical,Low,51.8,8
T21233,C1346,8/25/2024,Feature Request,Low,59.3,4
T21234,C1200,3/19/2023,Technical,Low,60.7,5
T21235,C1322,2/26/2024,Billing,High,3.9,7
T21236,C1188,12/21/2024,Technical,Medium,42.6,2
T21237,C1055,6/24/2024,Billing,Critical,3.1,6
T21238,C1174,4/23/2024,Technical,High,,10
T21239,C1010,3/21/2023,Feature Request,High,24.8,5
T21240,C1245,5/15/2024,Outage,Critical,9.1,8
T21241,C1179,1/1/2024,Billing,High,13.7,8
T21242,C1007,12/21/2024,Technical,Medium,23.3,10
T21243,C1035,12/27/2024,Technical,Critical,6,7
T21244,C1272,9/27/2023,Technical,High,13.9,6
T21245,C1222,9/5/2024,Billing,Low,59,5
T21246,C1379,10/10/2023,Feature Request,High,7.9,9
T21247,C1304,9/5/2023,Technical,Medium,17.8,5
T21248,C1253,5/25/2024,Onboarding,Medium,13.7,7
T21249,C1278,9/25/2024,Billing,Critical,4.6,10
T21250,C9000,11/12/2023,Technical,Medium,29.3,4
T21251,C1155,2/16/2023,Feature Request,Low,55.6,3
T21252,C1234,6/10/2023,Onboarding,High,9.7,8
T21253,C1309,5/4/2023,Billing,High,25.8,6
T21254,C1081,1/8/2024,Technical,Low,63.9,6
T21255,C1028,5/22/2024,Billing,Medium,24.6,6
T21256,C1379,4/27/2024,Feature Request,Medium,33.1,6
T21257,C1117,6/11/2024,Feature Request,Critical,8.6,7
T21258,C1321,1/11/2024,Outage,High,24.8,3
T21259,C1072,10/13/2023,Billing,Low,62.7,4
T21260,C1095,5/25/2024,Technical,Low,71.2,2
T21261,C1022,8/21/2023,Billing,Medium,24,10
T21262,C1129,10/8/2023,Technical,Low,54.1,7
T21263,C1314,5/22/2024,Technical,High,13.7,9
T21264,C1327,11/1/2024,Billing,Low,59.5,4
T21265,C1185,7/28/2023,Technical,High,8.3,5
T21266,C1237,3/18/2023,Billing,Low,56.7,6
T21267,C1040,6/13/2023,Onboarding,Low,74.1,4
T21268,C1214,4/24/2024,Technical,Critical,8.2,6
T21269,C1078,5/10/2023,Billing,High,33.5,3
T21270,C1009,10/26/2024,Technical,Low,73.6,5
T21271,C1237,2/21/2023,Billing,High,14.6,7
T21272,C1220,3/10/2024,Technical,Low,69.6,6
T21273,C1165,11/19/2023,Technical,Critical,1.6,8
T21274,C1090,7/28/2024,Outage,High,7.6,8
T21275,C1134,7/25/2023,Onboarding,Medium,28.9,4
T21276,C1221,4/17/2024,Onboarding,Low,65.8,7
T21277,C1190,3/17/2023,Onboarding,Critical,4.1,9
T21278,C1257,6/6/2024,Technical,High,5.6,8
T21279,C1396,4/6/2023,Onboarding,Medium,34.2,7
T21280,C1045,1/26/2024,Feature Request,Low,58.1,6
T21281,C1107,9/11/2024,Onboarding,Low,30.2,4
T21282,C1391,4/2/2024,Feature Request,Medium,51.4,9
T21283,C1388,1/22/2023,Onboarding,Low,42.7,3
T21284,C1303,5/29/2023,Feature Request,Low,67.7,5
T21285,C1096,5/28/2024,Billing,Medium,27.2,5
T21286,C1317,9/17/2023,Technical,Low,62.7,3
T21287,C1043,6/17/2023,Technical,High,6.1,1
T21288,C1067,3/30/2023,Onboarding,Medium,16.4,7
T21289,C1298,4/27/2024,Technical,Critical,17.9,5
T21290,C1031,1/17/2024,Technical,Low,68,9
T21291,C1418,10/12/2024,Feature Request,Low,55.7,2
T21292,C1293,7/17/2023,Billing,Medium,17.7,7
T21293,C1210,9/26/2023,Feature Request,Low,47.9,3
T21294,C1047,5/14/2023,Technical,Medium,32.6,5
T21295,C1185,9/8/2023,Billing,Medium,12.7,9
T21296,C9004,8/10/2023,Billing,High,4.3,10
T21297,C1297,1/23/2024,Technical,Medium,20,6
T21298,C1294,1/28/2024,Technical,High,13,7
T21299,C1101,4/14/2023,Billing,Low,54.7,5
T21300,C1137,3/13/2023,Technical,Critical,13.5,10
T21301,C1039,5/4/2024,Billing,Critical,14.4,
T21302,C1111,12/10/2023,Technical,Medium,39.2,5
T21303,C1135,8/3/2024,Technical,Low,69.5,5
T21304,C1162,11/17/2023,Outage,High,5.5,4
T21305,C1100,4/22/2023,Technical,Low,51.1,4
T21306,C9004,1/4/2024,Onboarding,Medium,48.3,5
T21307,C1391,5/11/2023,Technical,Low,59,6
T21308,C1245,6/4/2024,Technical,High,19.5,6
T21309,C1020,2/8/2024,Billing,High,12,6
T21310,C1123,10/31/2023,Billing,Low,70.3,2
T21311,C1290,3/10/2023,Technical,High,1.1,8
T21312,C1228,11/28/2023,Technical,High,5.4,5
T21313,C1236,3/24/2024,Outage,Medium,51,6
T21314,C1391,4/3/2024,Technical,Medium,37.1,2
T21315,C1400,4/10/2023,Outage,Low,53.1,10
T21316,C1121,3/25/2023,Onboarding,Low,66.4,9
T21317,C1099,2/1/2023,Technical,Critical,5.2,7
T21318,C1138,3/26/2024,Feature Request,Critical,24.3,4
T21319,C1379,11/4/2024,Technical,Medium,23.3,9
T21320,C1025,2/5/2024,Billing,Medium,38.4,5
T21321,C1255,5/2/2023,Billing,Low,70.2,8
T21322,C1250,12/10/2023,Billing,Medium,11,6
T21323,C1043,6/26/2024,Technical,High,26.1,7
T21324,C1223,6/10/2024,Feature Request,Critical,1.2,7
T21325,C1379,12/17/2024,Billing,Critical,4.1,6
T21326,C1069,10/3/2024,Feature Request,Critical,12.2,9
T21327,C1384,11/1/2024,Technical,Medium,22.1,7
T21328,C1292,7/16/2024,Billing,Low,65.2,6
T21329,C1051,2/13/2023,Billing,High,6.4,10
T21330,C1201,4/13/2024,Technical,Medium,28.6,6
T21331,C1120,3/2/2024,Technical,Medium,36.4,4
T21332,C1282,5/19/2024,Technical,Medium,17.5,10
T21333,C1338,5/27/2023,Billing,Critical,9.6,8
T21334,C1089,9/4/2024,Technical,Low,60.6,7
T21335,C1084,5/19/2023,Feature Request,Medium,34.1,8
T21336,C1197,4/7/2024,Technical,Medium,38.4,6
T21337,C1249,9/14/2024,Technical,Medium,33.4,3
T21338,C1310,8/20/2023,Technical,Low,72.6,6
T21339,C1253,11/10/2023,Feature Request,Low,47.9,5
T21340,C1036,2/28/2024,Onboarding,Low,64.4,
T21341,C1067,12/11/2024,Technical,Low,64.4,7
T21342,C1096,8/15/2023,Technical,Medium,20.8,6
T21343,C1169,4/14/2024,Feature Request,Critical,15.6,10
T21344,C1311,8/25/2023,Technical,Medium,32,
T21345,C1112,5/6/2023,Onboarding,High,17.8,5
T21346,C1286,9/4/2024,Technical,High,1.7,7
T21347,C1371,4/12/2023,Billing,Medium,32,4
T21348,C1378,1/28/2024,Technical,Medium,40.4,3
T21349,C1111,1/18/2023,Onboarding,Medium,30.9,
T21350,C1084,6/23/2023,Billing,High,0.7,8
T21351,C1169,9/13/2023,Technical,High,16.8,10
T21352,C1079,7/20/2024,Feature Request,Critical,10.5,7
T21353,C9004,5/25/2024,Billing,Low,64.6,4
T21354,C1369,4/7/2023,Billing,Low,50.1,3
T21355,C1045,8/18/2023,Technical,Medium,21.6,7
T21356,C1287,4/8/2024,Onboarding,Medium,28.6,8
T21357,C1090,7/6/2023,Onboarding,Low,55.2,5
T21358,C1035,4/24/2024,Billing,Medium,32.9,6
T21359,C1326,10/17/2024,Technical,Medium,16.7,4
T21360,C1041,5/2/2023,Technical,Medium,23.7,7
T21361,C1082,6/5/2024,Billing,Low,69.9,7
T21362,C1081,3/13/2023,Technical,High,18.7,9
T21363,C1218,5/7/2024,Technical,Low,59,3
T21364,C1355,11/9/2024,Onboarding,Low,58.7,3
T21365,C9002,2/14/2024,Technical,Low,50.8,1
T21366,C1215,3/17/2024,Outage,Medium,28.6,5
T21367,C1206,11/23/2024,Feature Request,Critical,5.5,8
T21368,C1073,4/9/2023,Billing,High,23.4,4
T21369,C1091,1/31/2024,Outage,Low,53.6,1
T21370,C1131,3/9/2023,Billing,Medium,21.3,4
T21371,C1220,6/30/2024,Technical,Low,44.5,8
T21372,C1296,11/8/2024,Onboarding,Medium,,9
T21373,C1350,10/18/2023,Technical,Critical,20.5,5
T21374,C1385,7/24/2024,Billing,Medium,39,8
T21375,C1291,3/20/2024,Technical,Medium,25.1,7
T21376,C1160,9/18/2023,Feature Request,Medium,37.6,4
T21377,C1031,12/15/2023,Onboarding,Medium,33.8,3
T21378,C1278,12/16/2024,Technical,Medium,44.2,8
T21379,C1385,2/24/2024,Onboarding,Medium,42.3,4
T21380,C1117,2/22/2024,Technical,Low,57.3,3
T21381,C1403,7/15/2023,Onboarding,Medium,19.5,8
T21382,C1248,1/16/2024,Outage,Low,59.3,2
T21383,C1195,1/14/2024,Feature Request,Low,59.2,4
T21384,C1327,11/23/2024,Technical,Medium,26.6,3
T21385,C1272,1/30/2023,Outage,Low,49.9,3
T21386,C1414,9/6/2024,Technical,Medium,13.7,8
T21387,C1197,2/18/2024,Billing,Low,52.5,6
T21388,C1072,9/5/2023,Technical,Medium,22.9,7
T21389,C1141,5/20/2024,Billing,Medium,25.9,5
T21390,C1114,6/6/2023,Feature Request,Medium,43,5
T21391,C1416,4/24/2024,Outage,Low,48.8,7
T21392,C1333,11/22/2023,Feature Request,Low,62.9,2
T21393,C1249,10/14/2024,Outage,Medium,26.8,5
T21394,C1235,12/27/2023,Technical,Low,53.9,2
T21395,C1320,2/12/2023,Feature Request,Low,62.7,3
T21396,C1257,3/14/2023,Outage,Low,63.5,3
T21397,C1355,9/1/2023,Onboarding,Low,65.4,5
T21398,C9001,12/13/2023,Outage,Low,57.1,7
T21399,C1034,2/19/2024,Billing,Critical,5.4,7
T21400,C1361,12/21/2024,Technical,Medium,24.1,5
